Europages Profile,Website,Emails
https://www.europages.co.uk/HUGO-BECK-MASCHINENBAU-GMBH-CO-KG/00000005396397-001.html,https://www.hugobeck.com/en/,"T100_22_footer@2x.png, info@hugobeck.de"
https://www.europages.co.uk/RG-SCHWINGUNGSTECHNIK-GMBH/DEU259861-00101.html,https://www.rgplus.de/en/,info@rgplus.de
https://www.europages.co.uk/INDUPLAST-PLASTICOS-DE-INGENIERIA/00000005408978-001.html,https://induplast.es/en/,"info@induplast.es, ventas@induplast.es, youremail@example.com"
https://www.europages.co.uk/SICMI-SRL/00000005522851-001.html,https://www.sicmi.com/,info@sicmi.it
https://www.europages.co.uk/TECHNIC-MACHINES/00000005519171-001.html,https://www.technicmachines.com/,info@technicmachines.com
https://www.europages.co.uk/LIVAN-PLEKSI/00000005478719-001.html,https://www.livanpleksi.com/index.html,info@livanpleksi.com
https://www.europages.co.uk/TEMA-METALURJI-SAN-TIC-LTD-STI/00000005529722-001.html,https://www.temametalurji.com/anasayfa.html,"export@temametalurji.com, info@temametalurji.com, info@prfabrikasi.com"
https://www.europages.co.uk/GRAVOTECH/00000004560200-001.html,https://www.gravotech.com/?utm_source=ep,"web.us@gravotech.com, contact@gravotech.com, example@example.com"
https://www.europages.co.uk/SYSAP-INDUSTRIES/00000005402417-733333001.html,https://www.naturewash.fr/,"605a7baede844d278b89dc95ae0a9123@sentry-next.wixpress.com, bfb679c754744c58a7374ee6e25cfc13@sentry.wixpress.com, 9a65e97ebe8141fca0c4fd686f70996b@sentry.wixpress.com, 8c4075d5481d476e945486754f783364@sentry.io"
https://www.europages.co.uk/ASSISTER-TECH-SOLUTIONS-SRL/00000005557712-001.html,https://www.assister.it/,b2b@assister.it
https://www.europages.co.uk/en/company/reis-standing-seam-technologies-22279192,https://www.reiskenet.com.tr/en,info@reiskenet.com.tr
https://www.europages.co.uk/MSY-INVEST-BV/00000005552409-001.html,https://www.msy.be/,info@msy.be
https://www.europages.co.uk/SACFORMAGMLINE/00000005399082-727241001.html,https://www.sacform.com/,"export@sacform.com, info@sacform.com"
https://www.europages.co.uk/SAWINMAK-PVC-MACHINES/00000004608007-420086001.html,http://www.sawinmak.com/,"info@sawinmak.com, ajax-loader@2x.gif"
https://www.europages.co.uk/FORMEX-MAQUINARIA/00000005431332-769516001.html,https://www.formex.es/,formex@formex.es
https://www.europages.co.uk/INATECH-PACKAGING/00000005355149-651732001.html,https://www.inatech-shop.ro/,"office@inatech.ro, example@domain.com"
https://www.europages.co.uk/SM-INOX-SRL/00000005469065-842105001.html,https://www.sminoxterni.it/,info@sminoxterni.it
https://www.europages.co.uk/CROMMAC-MAKINA-METAL-IMALAT-SANAYI-VE-TICARET-LIMITED-SIRKETI/00000005518871-001.html,https://www.crommac.com/,info@crommac.com
