Company Name,Email
www.conceptmetal.eu,contact@conceptmetal.eu
www.febycable.com,export@febycable.com
www.rs-handelsunternehmen.com,info@rs-handelsunternehmen.de
www.well-deutschland.de,info.de@well-dws.com
www.uniton.fr,uniton@uniton.fr
www.jmtec.fr,contact@jmtec.fr
www.conductix.de,info.potsdam@conductix.com
www.ezm-mark.de,m.hartmann@ezm-mark.de
www.leometallum.com,export@leometallum.com
www.maikontrol.com,info@maikontrol.com
www.sztenking.net,sales@sztenking.net
www.newmetal.es,joan@newmetal.es
www.wdi.de,draht.hamm@wdi.de
www.rtppaganoni.com,605a7baede844d278b89dc95ae0a9123@sentry-next.wixpress.com
www.solarvie.de,Logo-Solarvie_Signatur_190x@2x.png
www.sibatron.com,kontakt@sibatron.com
www.ifec.pt,geral@ifec.pt
adenwedgewire.com,rd@adenwedgewire.com
ankarabronz.com.tr,info@ankarabronz.com.tr
